--
-- PostgreSQL database dump
--

-- Dumped from database version 10.5 (Ubuntu 10.5-2.pgdg16.04+1)
-- Dumped by pg_dump version 10.5 (Ubuntu 10.5-2.pgdg16.04+1)

SET statement_timeout = 0;
SET lock_timeout = 0;
SET idle_in_transaction_session_timeout = 0;
SET client_encoding = 'UTF8';
SET standard_conforming_strings = on;
SELECT pg_catalog.set_config('search_path', '', false);
SET check_function_bodies = false;
SET client_min_messages = warning;
SET row_security = off;

--
-- Name: plpgsql; Type: EXTENSION; Schema: -; Owner: 
--

CREATE EXTENSION IF NOT EXISTS plpgsql WITH SCHEMA pg_catalog;


--
-- Name: EXTENSION plpgsql; Type: COMMENT; Schema: -; Owner: 
--

COMMENT ON EXTENSION plpgsql IS 'PL/pgSQL procedural language';


SET default_tablespace = '';

SET default_with_oids = false;

--
-- Name: auth_group; Type: TABLE; Schema: public; Owner: jddelia
--

CREATE TABLE public.auth_group (
    id integer NOT NULL,
    name character varying(80) NOT NULL
);


ALTER TABLE public.auth_group OWNER TO jddelia;

--
-- Name: auth_group_id_seq; Type: SEQUENCE; Schema: public; Owner: jddelia
--

CREATE SEQUENCE public.auth_group_id_seq
    AS integer
    START WITH 1
    INCREMENT BY 1
    NO MINVALUE
    NO MAXVALUE
    CACHE 1;


ALTER TABLE public.auth_group_id_seq OWNER TO jddelia;

--
-- Name: auth_group_id_seq; Type: SEQUENCE OWNED BY; Schema: public; Owner: jddelia
--

ALTER SEQUENCE public.auth_group_id_seq OWNED BY public.auth_group.id;


--
-- Name: auth_group_permissions; Type: TABLE; Schema: public; Owner: jddelia
--

CREATE TABLE public.auth_group_permissions (
    id integer NOT NULL,
    group_id integer NOT NULL,
    permission_id integer NOT NULL
);


ALTER TABLE public.auth_group_permissions OWNER TO jddelia;

--
-- Name: auth_group_permissions_id_seq; Type: SEQUENCE; Schema: public; Owner: jddelia
--

CREATE SEQUENCE public.auth_group_permissions_id_seq
    AS integer
    START WITH 1
    INCREMENT BY 1
    NO MINVALUE
    NO MAXVALUE
    CACHE 1;


ALTER TABLE public.auth_group_permissions_id_seq OWNER TO jddelia;

--
-- Name: auth_group_permissions_id_seq; Type: SEQUENCE OWNED BY; Schema: public; Owner: jddelia
--

ALTER SEQUENCE public.auth_group_permissions_id_seq OWNED BY public.auth_group_permissions.id;


--
-- Name: auth_permission; Type: TABLE; Schema: public; Owner: jddelia
--

CREATE TABLE public.auth_permission (
    id integer NOT NULL,
    name character varying(255) NOT NULL,
    content_type_id integer NOT NULL,
    codename character varying(100) NOT NULL
);


ALTER TABLE public.auth_permission OWNER TO jddelia;

--
-- Name: auth_permission_id_seq; Type: SEQUENCE; Schema: public; Owner: jddelia
--

CREATE SEQUENCE public.auth_permission_id_seq
    AS integer
    START WITH 1
    INCREMENT BY 1
    NO MINVALUE
    NO MAXVALUE
    CACHE 1;


ALTER TABLE public.auth_permission_id_seq OWNER TO jddelia;

--
-- Name: auth_permission_id_seq; Type: SEQUENCE OWNED BY; Schema: public; Owner: jddelia
--

ALTER SEQUENCE public.auth_permission_id_seq OWNED BY public.auth_permission.id;


--
-- Name: auth_user; Type: TABLE; Schema: public; Owner: jddelia
--

CREATE TABLE public.auth_user (
    id integer NOT NULL,
    password character varying(128) NOT NULL,
    last_login timestamp with time zone,
    is_superuser boolean NOT NULL,
    username character varying(150) NOT NULL,
    first_name character varying(30) NOT NULL,
    last_name character varying(150) NOT NULL,
    email character varying(254) NOT NULL,
    is_staff boolean NOT NULL,
    is_active boolean NOT NULL,
    date_joined timestamp with time zone NOT NULL
);


ALTER TABLE public.auth_user OWNER TO jddelia;

--
-- Name: auth_user_groups; Type: TABLE; Schema: public; Owner: jddelia
--

CREATE TABLE public.auth_user_groups (
    id integer NOT NULL,
    user_id integer NOT NULL,
    group_id integer NOT NULL
);


ALTER TABLE public.auth_user_groups OWNER TO jddelia;

--
-- Name: auth_user_groups_id_seq; Type: SEQUENCE; Schema: public; Owner: jddelia
--

CREATE SEQUENCE public.auth_user_groups_id_seq
    AS integer
    START WITH 1
    INCREMENT BY 1
    NO MINVALUE
    NO MAXVALUE
    CACHE 1;


ALTER TABLE public.auth_user_groups_id_seq OWNER TO jddelia;

--
-- Name: auth_user_groups_id_seq; Type: SEQUENCE OWNED BY; Schema: public; Owner: jddelia
--

ALTER SEQUENCE public.auth_user_groups_id_seq OWNED BY public.auth_user_groups.id;


--
-- Name: auth_user_id_seq; Type: SEQUENCE; Schema: public; Owner: jddelia
--

CREATE SEQUENCE public.auth_user_id_seq
    AS integer
    START WITH 1
    INCREMENT BY 1
    NO MINVALUE
    NO MAXVALUE
    CACHE 1;


ALTER TABLE public.auth_user_id_seq OWNER TO jddelia;

--
-- Name: auth_user_id_seq; Type: SEQUENCE OWNED BY; Schema: public; Owner: jddelia
--

ALTER SEQUENCE public.auth_user_id_seq OWNED BY public.auth_user.id;


--
-- Name: auth_user_user_permissions; Type: TABLE; Schema: public; Owner: jddelia
--

CREATE TABLE public.auth_user_user_permissions (
    id integer NOT NULL,
    user_id integer NOT NULL,
    permission_id integer NOT NULL
);


ALTER TABLE public.auth_user_user_permissions OWNER TO jddelia;

--
-- Name: auth_user_user_permissions_id_seq; Type: SEQUENCE; Schema: public; Owner: jddelia
--

CREATE SEQUENCE public.auth_user_user_permissions_id_seq
    AS integer
    START WITH 1
    INCREMENT BY 1
    NO MINVALUE
    NO MAXVALUE
    CACHE 1;


ALTER TABLE public.auth_user_user_permissions_id_seq OWNER TO jddelia;

--
-- Name: auth_user_user_permissions_id_seq; Type: SEQUENCE OWNED BY; Schema: public; Owner: jddelia
--

ALTER SEQUENCE public.auth_user_user_permissions_id_seq OWNED BY public.auth_user_user_permissions.id;


--
-- Name: blog_post; Type: TABLE; Schema: public; Owner: jddelia
--

CREATE TABLE public.blog_post (
    id integer NOT NULL,
    title character varying(75) NOT NULL,
    content text NOT NULL,
    date_posted timestamp with time zone NOT NULL,
    tags character varying(100) NOT NULL,
    image character varying(500) NOT NULL,
    alt character varying(100) NOT NULL
);


ALTER TABLE public.blog_post OWNER TO jddelia;

--
-- Name: blog_post_id_seq; Type: SEQUENCE; Schema: public; Owner: jddelia
--

CREATE SEQUENCE public.blog_post_id_seq
    AS integer
    START WITH 1
    INCREMENT BY 1
    NO MINVALUE
    NO MAXVALUE
    CACHE 1;


ALTER TABLE public.blog_post_id_seq OWNER TO jddelia;

--
-- Name: blog_post_id_seq; Type: SEQUENCE OWNED BY; Schema: public; Owner: jddelia
--

ALTER SEQUENCE public.blog_post_id_seq OWNED BY public.blog_post.id;


--
-- Name: django_admin_log; Type: TABLE; Schema: public; Owner: jddelia
--

CREATE TABLE public.django_admin_log (
    id integer NOT NULL,
    action_time timestamp with time zone NOT NULL,
    object_id text,
    object_repr character varying(200) NOT NULL,
    action_flag smallint NOT NULL,
    change_message text NOT NULL,
    content_type_id integer,
    user_id integer NOT NULL,
    CONSTRAINT django_admin_log_action_flag_check CHECK ((action_flag >= 0))
);


ALTER TABLE public.django_admin_log OWNER TO jddelia;

--
-- Name: django_admin_log_id_seq; Type: SEQUENCE; Schema: public; Owner: jddelia
--

CREATE SEQUENCE public.django_admin_log_id_seq
    AS integer
    START WITH 1
    INCREMENT BY 1
    NO MINVALUE
    NO MAXVALUE
    CACHE 1;


ALTER TABLE public.django_admin_log_id_seq OWNER TO jddelia;

--
-- Name: django_admin_log_id_seq; Type: SEQUENCE OWNED BY; Schema: public; Owner: jddelia
--

ALTER SEQUENCE public.django_admin_log_id_seq OWNED BY public.django_admin_log.id;


--
-- Name: django_content_type; Type: TABLE; Schema: public; Owner: jddelia
--

CREATE TABLE public.django_content_type (
    id integer NOT NULL,
    app_label character varying(100) NOT NULL,
    model character varying(100) NOT NULL
);


ALTER TABLE public.django_content_type OWNER TO jddelia;

--
-- Name: django_content_type_id_seq; Type: SEQUENCE; Schema: public; Owner: jddelia
--

CREATE SEQUENCE public.django_content_type_id_seq
    AS integer
    START WITH 1
    INCREMENT BY 1
    NO MINVALUE
    NO MAXVALUE
    CACHE 1;


ALTER TABLE public.django_content_type_id_seq OWNER TO jddelia;

--
-- Name: django_content_type_id_seq; Type: SEQUENCE OWNED BY; Schema: public; Owner: jddelia
--

ALTER SEQUENCE public.django_content_type_id_seq OWNED BY public.django_content_type.id;


--
-- Name: django_migrations; Type: TABLE; Schema: public; Owner: jddelia
--

CREATE TABLE public.django_migrations (
    id integer NOT NULL,
    app character varying(255) NOT NULL,
    name character varying(255) NOT NULL,
    applied timestamp with time zone NOT NULL
);


ALTER TABLE public.django_migrations OWNER TO jddelia;

--
-- Name: django_migrations_id_seq; Type: SEQUENCE; Schema: public; Owner: jddelia
--

CREATE SEQUENCE public.django_migrations_id_seq
    AS integer
    START WITH 1
    INCREMENT BY 1
    NO MINVALUE
    NO MAXVALUE
    CACHE 1;


ALTER TABLE public.django_migrations_id_seq OWNER TO jddelia;

--
-- Name: django_migrations_id_seq; Type: SEQUENCE OWNED BY; Schema: public; Owner: jddelia
--

ALTER SEQUENCE public.django_migrations_id_seq OWNED BY public.django_migrations.id;


--
-- Name: django_session; Type: TABLE; Schema: public; Owner: jddelia
--

CREATE TABLE public.django_session (
    session_key character varying(40) NOT NULL,
    session_data text NOT NULL,
    expire_date timestamp with time zone NOT NULL
);


ALTER TABLE public.django_session OWNER TO jddelia;

--
-- Name: auth_group id; Type: DEFAULT; Schema: public; Owner: jddelia
--

ALTER TABLE ONLY public.auth_group ALTER COLUMN id SET DEFAULT nextval('public.auth_group_id_seq'::regclass);


--
-- Name: auth_group_permissions id; Type: DEFAULT; Schema: public; Owner: jddelia
--

ALTER TABLE ONLY public.auth_group_permissions ALTER COLUMN id SET DEFAULT nextval('public.auth_group_permissions_id_seq'::regclass);


--
-- Name: auth_permission id; Type: DEFAULT; Schema: public; Owner: jddelia
--

ALTER TABLE ONLY public.auth_permission ALTER COLUMN id SET DEFAULT nextval('public.auth_permission_id_seq'::regclass);


--
-- Name: auth_user id; Type: DEFAULT; Schema: public; Owner: jddelia
--

ALTER TABLE ONLY public.auth_user ALTER COLUMN id SET DEFAULT nextval('public.auth_user_id_seq'::regclass);


--
-- Name: auth_user_groups id; Type: DEFAULT; Schema: public; Owner: jddelia
--

ALTER TABLE ONLY public.auth_user_groups ALTER COLUMN id SET DEFAULT nextval('public.auth_user_groups_id_seq'::regclass);


--
-- Name: auth_user_user_permissions id; Type: DEFAULT; Schema: public; Owner: jddelia
--

ALTER TABLE ONLY public.auth_user_user_permissions ALTER COLUMN id SET DEFAULT nextval('public.auth_user_user_permissions_id_seq'::regclass);


--
-- Name: blog_post id; Type: DEFAULT; Schema: public; Owner: jddelia
--

ALTER TABLE ONLY public.blog_post ALTER COLUMN id SET DEFAULT nextval('public.blog_post_id_seq'::regclass);


--
-- Name: django_admin_log id; Type: DEFAULT; Schema: public; Owner: jddelia
--

ALTER TABLE ONLY public.django_admin_log ALTER COLUMN id SET DEFAULT nextval('public.django_admin_log_id_seq'::regclass);


--
-- Name: django_content_type id; Type: DEFAULT; Schema: public; Owner: jddelia
--

ALTER TABLE ONLY public.django_content_type ALTER COLUMN id SET DEFAULT nextval('public.django_content_type_id_seq'::regclass);


--
-- Name: django_migrations id; Type: DEFAULT; Schema: public; Owner: jddelia
--

ALTER TABLE ONLY public.django_migrations ALTER COLUMN id SET DEFAULT nextval('public.django_migrations_id_seq'::regclass);


--
-- Data for Name: auth_group; Type: TABLE DATA; Schema: public; Owner: jddelia
--

COPY public.auth_group (id, name) FROM stdin;
\.


--
-- Data for Name: auth_group_permissions; Type: TABLE DATA; Schema: public; Owner: jddelia
--

COPY public.auth_group_permissions (id, group_id, permission_id) FROM stdin;
\.


--
-- Data for Name: auth_permission; Type: TABLE DATA; Schema: public; Owner: jddelia
--

COPY public.auth_permission (id, name, content_type_id, codename) FROM stdin;
1	Can add log entry	1	add_logentry
2	Can change log entry	1	change_logentry
3	Can delete log entry	1	delete_logentry
4	Can view log entry	1	view_logentry
5	Can add permission	2	add_permission
6	Can change permission	2	change_permission
7	Can delete permission	2	delete_permission
8	Can view permission	2	view_permission
9	Can add group	3	add_group
10	Can change group	3	change_group
11	Can delete group	3	delete_group
12	Can view group	3	view_group
13	Can add user	4	add_user
14	Can change user	4	change_user
15	Can delete user	4	delete_user
16	Can view user	4	view_user
17	Can add content type	5	add_contenttype
18	Can change content type	5	change_contenttype
19	Can delete content type	5	delete_contenttype
20	Can view content type	5	view_contenttype
21	Can add session	6	add_session
22	Can change session	6	change_session
23	Can delete session	6	delete_session
24	Can view session	6	view_session
25	Can add post	7	add_post
26	Can change post	7	change_post
27	Can delete post	7	delete_post
28	Can view post	7	view_post
\.


--
-- Data for Name: auth_user; Type: TABLE DATA; Schema: public; Owner: jddelia
--

COPY public.auth_user (id, password, last_login, is_superuser, username, first_name, last_name, email, is_staff, is_active, date_joined) FROM stdin;
1	pbkdf2_sha256$120000$d1YPHtXdNvzG$LinoWZQS7/JByDbm99bOOULvaN5mmI46rIwozvlKmBQ=	2018-11-05 06:34:12.616127-05	t	jddelia			jddelia123@gmail.com	t	t	2018-10-31 21:58:00.416-04
\.


--
-- Data for Name: auth_user_groups; Type: TABLE DATA; Schema: public; Owner: jddelia
--

COPY public.auth_user_groups (id, user_id, group_id) FROM stdin;
\.


--
-- Data for Name: auth_user_user_permissions; Type: TABLE DATA; Schema: public; Owner: jddelia
--

COPY public.auth_user_user_permissions (id, user_id, permission_id) FROM stdin;
\.


--
-- Data for Name: blog_post; Type: TABLE DATA; Schema: public; Owner: jddelia
--

COPY public.blog_post (id, title, content, date_posted, tags, image, alt) FROM stdin;
2	Hello World!	In keeping with tradition, this is the Hello World post for my blog.	2018-11-01 21:56:21-04	first	https://cdn-images-1.medium.com/max/1600/1*0KFB17_NGTPB0XWyc4BSgQ.jpeg	hello world text
3	Status Report	I guess now's a good time to introduce myself...\r\n\r\nI'm Jesse Delia (JDelia), and I created this blog as a way to document my journey as a coder. I am into sports, fitness, tech, science, music, and much more. <br><br>\r\n\r\nI want to give some background, and a general overview of where I believe my skills are at as a developer/programmer. <br><br>\r\n\r\nHistory: <br>\r\n    - Left the Navy (Submarines) Dec 2015. Hooyah! <br>\r\n    - Started programming Feb 2016. <br>\r\n    - Stopped programming June 2016 <br>\r\n    - Returned to programming June 2018 <br><br>\r\n\r\nSkills: <br>\r\n    - Python <br>\r\n    - HTML5/CSS3/JS <br>\r\n    - SQL <br>\r\n    - Django <br>\r\n    - Linux (For me, it's really, StackOverFlinux) <br><br>\r\n\r\nI started programming a couple months after I got out of the Navy. 'Twas a hectic time indeed for the young lad. I decided that I should learn how to program, and honestly, I enjoyed it for the few months that I was studying. But, at the time, I had plans of going to school and becoming a neuroscientist. That's when I somehow convinced myself that I should take the focus off of coding and direct it towards all the prereqs for neuroscience. <br><br>\r\n\r\n Long story short, I fell out of love with the idea/lifestyle of being a neuroscientist, as I didn't think it aligned with my future goals. That's when I decided that I would go into Information Technology. While pursuing that, I made a goal in June of 2018 to learn how to program. And that's what I've been doing since then.	2018-11-01 23:18:01-04	status	https://creativeagencysecrets.com/wp-content/uploads/2016/08/marketing-analysis-845x321.jpg	analysis report icons
4	Small Steps	<em>Step by step walk the thousand-mile road.</em> <br>\r\n- Miyamoto Musashi <br><br>\r\n\r\nThis blog is still changing daily, and today was no different. I took up this project, feeling like my plan was solid. I would create a simple blog, and the features would be relatively straight forward. WRONG! Reality is much different; every step of the way, I'm readjusting little things I didn't plan for. <br><br>\r\n\r\nWhether it's updating my models, or fixing the html, there seems to be a never-ending stream of fixes coming my way. What's strange is, I'm less bothered by them, and more zoned in and eager to make my vision of the blog, become a reality. <br><br>\r\n\r\nThis seems to be the general trend for anything in life. You embrace the journey and develop yourself through those challenges. The best part is, you get to reap the benefits of the compounding effect. Continuous improvement, daily, will yield enormous returns in the long run.	2018-11-01 23:59:00-04	steps	https://gylld2s51hq167qcb48di61u-wpengine.netdna-ssl.com/wp-content/uploads/2017/08/key-steps-1080x675.jpg	guy atop steps
5	A little Bit of Crypto	This morning I woke up early. <br><br>\r\n\r\nI couldn't go back to sleep, so I put on some Netflix... <br><br>\r\n\r\nA few moments (shows) later, I decided that I'd start a little project. <br><br>\r\n\r\nThe project was simple; I had been eager to implement <a href='http://www.chartjs.org/'>Chart.js</a> in a project, but I couldn't think of what exactly.  I decided that I  would use a cryptocurrency api (<a href='https://min-api.cryptocompare.com/'>CryptoCompare</a>), and feed that data into a simple chart. This would provide me with the opportunity to learn chart.js. <br><br>\r\n\r\nFirst, I learned how to actually get a chart working, so I made a simple html page, and got it working. After that, all I needed to do was connect the api data to the chart. This was very simple. Simply make the calls to the api, and pass them in the data field of the chart. <br><br>\r\n\r\nThis project was pretty straightforward, and I definitely enjoyed using Chart.js.	2018-11-04 23:33:01-05	crypto, blockchain	https://cdn-images-1.medium.com/max/2000/1*JxUYa73HK13p9d5WXjzl-Q.jpeg	blockchain nodes
\.


--
-- Data for Name: django_admin_log; Type: TABLE DATA; Schema: public; Owner: jddelia
--

COPY public.django_admin_log (id, action_time, object_id, object_repr, action_flag, change_message, content_type_id, user_id) FROM stdin;
1	2018-10-31 22:46:21.492-04	1	Hello World!	1	[{"added": {}}]	7	1
2	2018-11-01 21:53:47.571-04	1	Hello World!	2	[{"changed": {"fields": ["date_posted", "image"]}}]	7	1
3	2018-11-01 21:56:19.293-04	1	Hello World!	3		7	1
4	2018-11-01 21:57:42.645-04	2	Hello World!	1	[{"added": {}}]	7	1
5	2018-11-01 22:00:13.668-04	2	Hello World!	2	[{"changed": {"fields": ["image"]}}]	7	1
6	2018-11-01 22:00:56.597-04	2	Hello World!	2	[{"changed": {"fields": ["image"]}}]	7	1
7	2018-11-02 00:06:47.35-04	3	Status Report	1	[{"added": {}}]	7	1
8	2018-11-02 00:07:33.722-04	3	Status Report	2	[{"changed": {"fields": ["content"]}}]	7	1
9	2018-11-02 00:08:03.671-04	3	Status Report	2	[{"changed": {"fields": ["content"]}}]	7	1
10	2018-11-02 06:40:56.986-04	3	Status Report	2	[{"changed": {"fields": ["content"]}}]	7	1
11	2018-11-02 06:43:11.548-04	3	Status Report	2	[{"changed": {"fields": ["content"]}}]	7	1
12	2018-11-02 06:44:46.93-04	3	Status Report	2	[{"changed": {"fields": ["content"]}}]	7	1
13	2018-11-02 06:45:53.748-04	3	Status Report	2	[{"changed": {"fields": ["content"]}}]	7	1
14	2018-11-02 07:34:44.799-04	4	Small Steps	1	[{"added": {}}]	7	1
15	2018-11-02 07:35:37.61-04	4	Small Steps	2	[{"changed": {"fields": ["content"]}}]	7	1
16	2018-11-02 07:36:04.41-04	4	Small Steps	2	[{"changed": {"fields": ["content"]}}]	7	1
17	2018-11-02 07:38:41.923-04	4	Small Steps	2	[{"changed": {"fields": ["content"]}}]	7	1
18	2018-11-04 23:45:27.749-05	5	A little Bit of Crypto	1	[{"added": {}}]	7	1
19	2018-11-04 23:48:07.955-05	5	A little Bit of Crypto	2	[{"changed": {"fields": ["content"]}}]	7	1
20	2018-11-05 06:34:24.526398-05	1	Hello World	3		1	1
\.


--
-- Data for Name: django_content_type; Type: TABLE DATA; Schema: public; Owner: jddelia
--

COPY public.django_content_type (id, app_label, model) FROM stdin;
1	admin	logentry
2	auth	permission
3	auth	group
4	auth	user
5	contenttypes	contenttype
6	sessions	session
7	blog	post
\.


--
-- Data for Name: django_migrations; Type: TABLE DATA; Schema: public; Owner: jddelia
--

COPY public.django_migrations (id, app, name, applied) FROM stdin;
1	contenttypes	0001_initial	2018-11-05 06:06:43.469741-05
2	auth	0001_initial	2018-11-05 06:06:44.738502-05
3	admin	0001_initial	2018-11-05 06:06:45.068976-05
4	admin	0002_logentry_remove_auto_add	2018-11-05 06:06:45.095267-05
5	admin	0003_logentry_add_action_flag_choices	2018-11-05 06:06:45.117151-05
6	contenttypes	0002_remove_content_type_name	2018-11-05 06:06:45.189843-05
7	auth	0002_alter_permission_name_max_length	2018-11-05 06:06:45.222977-05
8	auth	0003_alter_user_email_max_length	2018-11-05 06:06:45.255662-05
9	auth	0004_alter_user_username_opts	2018-11-05 06:06:45.280993-05
10	auth	0005_alter_user_last_login_null	2018-11-05 06:06:45.310867-05
11	auth	0006_require_contenttypes_0002	2018-11-05 06:06:45.321727-05
12	auth	0007_alter_validators_add_error_messages	2018-11-05 06:06:45.344443-05
13	auth	0008_alter_user_username_max_length	2018-11-05 06:06:45.44323-05
14	auth	0009_alter_user_last_name_max_length	2018-11-05 06:06:45.476265-05
15	blog	0001_initial	2018-11-05 06:06:45.632051-05
16	blog	0002_post_image	2018-11-05 06:06:45.809381-05
17	blog	0003_post_alt	2018-11-05 06:06:45.975019-05
18	sessions	0001_initial	2018-11-05 06:06:46.206299-05
\.


--
-- Data for Name: django_session; Type: TABLE DATA; Schema: public; Owner: jddelia
--

COPY public.django_session (session_key, session_data, expire_date) FROM stdin;
j39pmq49iio1u3iz184sf6wu5hsgas13	OGNiNWQzN2I5MjBiNjIxYjE4MTVhNmRjZTZmMjE4MmI1OTFiNzYzNDp7Il9hdXRoX3VzZXJfaWQiOiIxIiwiX2F1dGhfdXNlcl9iYWNrZW5kIjoiZGphbmdvLmNvbnRyaWIuYXV0aC5iYWNrZW5kcy5Nb2RlbEJhY2tlbmQiLCJfYXV0aF91c2VyX2hhc2giOiI0YWE2OTUyNmU3OWEzMmMwOGNiMWY0Zjg3MDExYmFiMDc4M2U3N2MzIn0=	2018-11-14 20:58:17.249-05
k66taqwncis5tchan7otfgiwyaym5hyv	OGNiNWQzN2I5MjBiNjIxYjE4MTVhNmRjZTZmMjE4MmI1OTFiNzYzNDp7Il9hdXRoX3VzZXJfaWQiOiIxIiwiX2F1dGhfdXNlcl9iYWNrZW5kIjoiZGphbmdvLmNvbnRyaWIuYXV0aC5iYWNrZW5kcy5Nb2RlbEJhY2tlbmQiLCJfYXV0aF91c2VyX2hhc2giOiI0YWE2OTUyNmU3OWEzMmMwOGNiMWY0Zjg3MDExYmFiMDc4M2U3N2MzIn0=	2018-11-17 16:21:20.412-05
sbqcslpnb6z2kppqrepbhexem5hkp5fa	OGNiNWQzN2I5MjBiNjIxYjE4MTVhNmRjZTZmMjE4MmI1OTFiNzYzNDp7Il9hdXRoX3VzZXJfaWQiOiIxIiwiX2F1dGhfdXNlcl9iYWNrZW5kIjoiZGphbmdvLmNvbnRyaWIuYXV0aC5iYWNrZW5kcy5Nb2RlbEJhY2tlbmQiLCJfYXV0aF91c2VyX2hhc2giOiI0YWE2OTUyNmU3OWEzMmMwOGNiMWY0Zjg3MDExYmFiMDc4M2U3N2MzIn0=	2018-11-19 06:34:12.627658-05
\.


--
-- Name: auth_group_id_seq; Type: SEQUENCE SET; Schema: public; Owner: jddelia
--

SELECT pg_catalog.setval('public.auth_group_id_seq', 1, false);


--
-- Name: auth_group_permissions_id_seq; Type: SEQUENCE SET; Schema: public; Owner: jddelia
--

SELECT pg_catalog.setval('public.auth_group_permissions_id_seq', 1, false);


--
-- Name: auth_permission_id_seq; Type: SEQUENCE SET; Schema: public; Owner: jddelia
--

SELECT pg_catalog.setval('public.auth_permission_id_seq', 28, true);


--
-- Name: auth_user_groups_id_seq; Type: SEQUENCE SET; Schema: public; Owner: jddelia
--

SELECT pg_catalog.setval('public.auth_user_groups_id_seq', 1, false);


--
-- Name: auth_user_id_seq; Type: SEQUENCE SET; Schema: public; Owner: jddelia
--

SELECT pg_catalog.setval('public.auth_user_id_seq', 1, true);


--
-- Name: auth_user_user_permissions_id_seq; Type: SEQUENCE SET; Schema: public; Owner: jddelia
--

SELECT pg_catalog.setval('public.auth_user_user_permissions_id_seq', 1, false);


--
-- Name: blog_post_id_seq; Type: SEQUENCE SET; Schema: public; Owner: jddelia
--

SELECT pg_catalog.setval('public.blog_post_id_seq', 5, true);


--
-- Name: django_admin_log_id_seq; Type: SEQUENCE SET; Schema: public; Owner: jddelia
--

SELECT pg_catalog.setval('public.django_admin_log_id_seq', 20, true);


--
-- Name: django_content_type_id_seq; Type: SEQUENCE SET; Schema: public; Owner: jddelia
--

SELECT pg_catalog.setval('public.django_content_type_id_seq', 7, true);


--
-- Name: django_migrations_id_seq; Type: SEQUENCE SET; Schema: public; Owner: jddelia
--

SELECT pg_catalog.setval('public.django_migrations_id_seq', 18, true);


--
-- Name: auth_group auth_group_name_key; Type: CONSTRAINT; Schema: public; Owner: jddelia
--

ALTER TABLE ONLY public.auth_group
    ADD CONSTRAINT auth_group_name_key UNIQUE (name);


--
-- Name: auth_group_permissions auth_group_permissions_group_id_permission_id_0cd325b0_uniq; Type: CONSTRAINT; Schema: public; Owner: jddelia
--

ALTER TABLE ONLY public.auth_group_permissions
    ADD CONSTRAINT auth_group_permissions_group_id_permission_id_0cd325b0_uniq UNIQUE (group_id, permission_id);


--
-- Name: auth_group_permissions auth_group_permissions_pkey; Type: CONSTRAINT; Schema: public; Owner: jddelia
--

ALTER TABLE ONLY public.auth_group_permissions
    ADD CONSTRAINT auth_group_permissions_pkey PRIMARY KEY (id);


--
-- Name: auth_group auth_group_pkey; Type: CONSTRAINT; Schema: public; Owner: jddelia
--

ALTER TABLE ONLY public.auth_group
    ADD CONSTRAINT auth_group_pkey PRIMARY KEY (id);


--
-- Name: auth_permission auth_permission_content_type_id_codename_01ab375a_uniq; Type: CONSTRAINT; Schema: public; Owner: jddelia
--

ALTER TABLE ONLY public.auth_permission
    ADD CONSTRAINT auth_permission_content_type_id_codename_01ab375a_uniq UNIQUE (content_type_id, codename);


--
-- Name: auth_permission auth_permission_pkey; Type: CONSTRAINT; Schema: public; Owner: jddelia
--

ALTER TABLE ONLY public.auth_permission
    ADD CONSTRAINT auth_permission_pkey PRIMARY KEY (id);


--
-- Name: auth_user_groups auth_user_groups_pkey; Type: CONSTRAINT; Schema: public; Owner: jddelia
--

ALTER TABLE ONLY public.auth_user_groups
    ADD CONSTRAINT auth_user_groups_pkey PRIMARY KEY (id);


--
-- Name: auth_user_groups auth_user_groups_user_id_group_id_94350c0c_uniq; Type: CONSTRAINT; Schema: public; Owner: jddelia
--

ALTER TABLE ONLY public.auth_user_groups
    ADD CONSTRAINT auth_user_groups_user_id_group_id_94350c0c_uniq UNIQUE (user_id, group_id);


--
-- Name: auth_user auth_user_pkey; Type: CONSTRAINT; Schema: public; Owner: jddelia
--

ALTER TABLE ONLY public.auth_user
    ADD CONSTRAINT auth_user_pkey PRIMARY KEY (id);


--
-- Name: auth_user_user_permissions auth_user_user_permissions_pkey; Type: CONSTRAINT; Schema: public; Owner: jddelia
--

ALTER TABLE ONLY public.auth_user_user_permissions
    ADD CONSTRAINT auth_user_user_permissions_pkey PRIMARY KEY (id);


--
-- Name: auth_user_user_permissions auth_user_user_permissions_user_id_permission_id_14a6b632_uniq; Type: CONSTRAINT; Schema: public; Owner: jddelia
--

ALTER TABLE ONLY public.auth_user_user_permissions
    ADD CONSTRAINT auth_user_user_permissions_user_id_permission_id_14a6b632_uniq UNIQUE (user_id, permission_id);


--
-- Name: auth_user auth_user_username_key; Type: CONSTRAINT; Schema: public; Owner: jddelia
--

ALTER TABLE ONLY public.auth_user
    ADD CONSTRAINT auth_user_username_key UNIQUE (username);


--
-- Name: blog_post blog_post_pkey; Type: CONSTRAINT; Schema: public; Owner: jddelia
--

ALTER TABLE ONLY public.blog_post
    ADD CONSTRAINT blog_post_pkey PRIMARY KEY (id);


--
-- Name: django_admin_log django_admin_log_pkey; Type: CONSTRAINT; Schema: public; Owner: jddelia
--

ALTER TABLE ONLY public.django_admin_log
    ADD CONSTRAINT django_admin_log_pkey PRIMARY KEY (id);


--
-- Name: django_content_type django_content_type_app_label_model_76bd3d3b_uniq; Type: CONSTRAINT; Schema: public; Owner: jddelia
--

ALTER TABLE ONLY public.django_content_type
    ADD CONSTRAINT django_content_type_app_label_model_76bd3d3b_uniq UNIQUE (app_label, model);


--
-- Name: django_content_type django_content_type_pkey; Type: CONSTRAINT; Schema: public; Owner: jddelia
--

ALTER TABLE ONLY public.django_content_type
    ADD CONSTRAINT django_content_type_pkey PRIMARY KEY (id);


--
-- Name: django_migrations django_migrations_pkey; Type: CONSTRAINT; Schema: public; Owner: jddelia
--

ALTER TABLE ONLY public.django_migrations
    ADD CONSTRAINT django_migrations_pkey PRIMARY KEY (id);


--
-- Name: django_session django_session_pkey; Type: CONSTRAINT; Schema: public; Owner: jddelia
--

ALTER TABLE ONLY public.django_session
    ADD CONSTRAINT django_session_pkey PRIMARY KEY (session_key);


--
-- Name: auth_group_name_a6ea08ec_like; Type: INDEX; Schema: public; Owner: jddelia
--

CREATE INDEX auth_group_name_a6ea08ec_like ON public.auth_group USING btree (name varchar_pattern_ops);


--
-- Name: auth_group_permissions_group_id_b120cbf9; Type: INDEX; Schema: public; Owner: jddelia
--

CREATE INDEX auth_group_permissions_group_id_b120cbf9 ON public.auth_group_permissions USING btree (group_id);


--
-- Name: auth_group_permissions_permission_id_84c5c92e; Type: INDEX; Schema: public; Owner: jddelia
--

CREATE INDEX auth_group_permissions_permission_id_84c5c92e ON public.auth_group_permissions USING btree (permission_id);


--
-- Name: auth_permission_content_type_id_2f476e4b; Type: INDEX; Schema: public; Owner: jddelia
--

CREATE INDEX auth_permission_content_type_id_2f476e4b ON public.auth_permission USING btree (content_type_id);


--
-- Name: auth_user_groups_group_id_97559544; Type: INDEX; Schema: public; Owner: jddelia
--

CREATE INDEX auth_user_groups_group_id_97559544 ON public.auth_user_groups USING btree (group_id);


--
-- Name: auth_user_groups_user_id_6a12ed8b; Type: INDEX; Schema: public; Owner: jddelia
--

CREATE INDEX auth_user_groups_user_id_6a12ed8b ON public.auth_user_groups USING btree (user_id);


--
-- Name: auth_user_user_permissions_permission_id_1fbb5f2c; Type: INDEX; Schema: public; Owner: jddelia
--

CREATE INDEX auth_user_user_permissions_permission_id_1fbb5f2c ON public.auth_user_user_permissions USING btree (permission_id);


--
-- Name: auth_user_user_permissions_user_id_a95ead1b; Type: INDEX; Schema: public; Owner: jddelia
--

CREATE INDEX auth_user_user_permissions_user_id_a95ead1b ON public.auth_user_user_permissions USING btree (user_id);


--
-- Name: auth_user_username_6821ab7c_like; Type: INDEX; Schema: public; Owner: jddelia
--

CREATE INDEX auth_user_username_6821ab7c_like ON public.auth_user USING btree (username varchar_pattern_ops);


--
-- Name: django_admin_log_content_type_id_c4bce8eb; Type: INDEX; Schema: public; Owner: jddelia
--

CREATE INDEX django_admin_log_content_type_id_c4bce8eb ON public.django_admin_log USING btree (content_type_id);


--
-- Name: django_admin_log_user_id_c564eba6; Type: INDEX; Schema: public; Owner: jddelia
--

CREATE INDEX django_admin_log_user_id_c564eba6 ON public.django_admin_log USING btree (user_id);


--
-- Name: django_session_expire_date_a5c62663; Type: INDEX; Schema: public; Owner: jddelia
--

CREATE INDEX django_session_expire_date_a5c62663 ON public.django_session USING btree (expire_date);


--
-- Name: django_session_session_key_c0390e0f_like; Type: INDEX; Schema: public; Owner: jddelia
--

CREATE INDEX django_session_session_key_c0390e0f_like ON public.django_session USING btree (session_key varchar_pattern_ops);


--
-- Name: auth_group_permissions auth_group_permissio_permission_id_84c5c92e_fk_auth_perm; Type: FK CONSTRAINT; Schema: public; Owner: jddelia
--

ALTER TABLE ONLY public.auth_group_permissions
    ADD CONSTRAINT auth_group_permissio_permission_id_84c5c92e_fk_auth_perm FOREIGN KEY (permission_id) REFERENCES public.auth_permission(id) DEFERRABLE INITIALLY DEFERRED;


--
-- Name: auth_group_permissions auth_group_permissions_group_id_b120cbf9_fk_auth_group_id; Type: FK CONSTRAINT; Schema: public; Owner: jddelia
--

ALTER TABLE ONLY public.auth_group_permissions
    ADD CONSTRAINT auth_group_permissions_group_id_b120cbf9_fk_auth_group_id FOREIGN KEY (group_id) REFERENCES public.auth_group(id) DEFERRABLE INITIALLY DEFERRED;


--
-- Name: auth_permission auth_permission_content_type_id_2f476e4b_fk_django_co; Type: FK CONSTRAINT; Schema: public; Owner: jddelia
--

ALTER TABLE ONLY public.auth_permission
    ADD CONSTRAINT auth_permission_content_type_id_2f476e4b_fk_django_co FOREIGN KEY (content_type_id) REFERENCES public.django_content_type(id) DEFERRABLE INITIALLY DEFERRED;


--
-- Name: auth_user_groups auth_user_groups_group_id_97559544_fk_auth_group_id; Type: FK CONSTRAINT; Schema: public; Owner: jddelia
--

ALTER TABLE ONLY public.auth_user_groups
    ADD CONSTRAINT auth_user_groups_group_id_97559544_fk_auth_group_id FOREIGN KEY (group_id) REFERENCES public.auth_group(id) DEFERRABLE INITIALLY DEFERRED;


--
-- Name: auth_user_groups auth_user_groups_user_id_6a12ed8b_fk_auth_user_id; Type: FK CONSTRAINT; Schema: public; Owner: jddelia
--

ALTER TABLE ONLY public.auth_user_groups
    ADD CONSTRAINT auth_user_groups_user_id_6a12ed8b_fk_auth_user_id FOREIGN KEY (user_id) REFERENCES public.auth_user(id) DEFERRABLE INITIALLY DEFERRED;


--
-- Name: auth_user_user_permissions auth_user_user_permi_permission_id_1fbb5f2c_fk_auth_perm; Type: FK CONSTRAINT; Schema: public; Owner: jddelia
--

ALTER TABLE ONLY public.auth_user_user_permissions
    ADD CONSTRAINT auth_user_user_permi_permission_id_1fbb5f2c_fk_auth_perm FOREIGN KEY (permission_id) REFERENCES public.auth_permission(id) DEFERRABLE INITIALLY DEFERRED;


--
-- Name: auth_user_user_permissions auth_user_user_permissions_user_id_a95ead1b_fk_auth_user_id; Type: FK CONSTRAINT; Schema: public; Owner: jddelia
--

ALTER TABLE ONLY public.auth_user_user_permissions
    ADD CONSTRAINT auth_user_user_permissions_user_id_a95ead1b_fk_auth_user_id FOREIGN KEY (user_id) REFERENCES public.auth_user(id) DEFERRABLE INITIALLY DEFERRED;


--
-- Name: django_admin_log django_admin_log_content_type_id_c4bce8eb_fk_django_co; Type: FK CONSTRAINT; Schema: public; Owner: jddelia
--

ALTER TABLE ONLY public.django_admin_log
    ADD CONSTRAINT django_admin_log_content_type_id_c4bce8eb_fk_django_co FOREIGN KEY (content_type_id) REFERENCES public.django_content_type(id) DEFERRABLE INITIALLY DEFERRED;


--
-- Name: django_admin_log django_admin_log_user_id_c564eba6_fk_auth_user_id; Type: FK CONSTRAINT; Schema: public; Owner: jddelia
--

ALTER TABLE ONLY public.django_admin_log
    ADD CONSTRAINT django_admin_log_user_id_c564eba6_fk_auth_user_id FOREIGN KEY (user_id) REFERENCES public.auth_user(id) DEFERRABLE INITIALLY DEFERRED;


--
-- PostgreSQL database dump complete
--

